"","lambda","YEAR","RECR_TPA","MORT_TPA","REMV_TPA","RECR_PERC","MORT_PERC","REMV_PERC","RECR_TPA_SE","MORT_TPA_SE","REMV_TPA_SE","RECR_PERC_SE","MORT_PERC_SE","REMV_PERC_SE","nPlots_TREE","nPlots_RECR","nPlots_MORT","nPlots_REMV","nPlots_AREA"
"1",0.05,2005,0,0.242226465341982,0,0,0.849839935471122,0,NA,27.5689583615712,NA,NA,13.7872608555879,NA,253,0,84,0,1536
"2",0.1,2005,0,0.238297455952555,0,0,0.841011385064539,0,NA,26.6634140164243,NA,NA,13.2038260596253,NA,253,0,84,0,1536
"3",0.15,2005,0,0.234815068800688,0,0,0.833183123906932,0,NA,25.7058804767351,NA,NA,12.6241572858598,NA,253,0,84,0,1536
"4",0.2,2005,0,0.231763575835843,0,0,0.826407394416835,0,NA,24.7068682974471,NA,NA,12.0530020750071,NA,253,0,84,0,1536
"5",0.25,2005,0,0.229123549787937,0,0,0.820706581489293,0,NA,23.6798084097347,NA,NA,11.4957693206453,NA,253,0,84,0,1536
"6",0.3,2005,0,0.226871752504044,0,0,0.816074576820497,0,NA,22.6399819980588,NA,NA,10.9581055133799,NA,253,0,84,0,1536
"7",0.35,2005,0,0.224981538951433,0,0,0.812479847094097,0,NA,21.6034320021416,NA,NA,10.4455269726356,NA,253,0,84,0,1536
"8",0.4,2005,0,0.223423612712078,0,0,0.809869687587141,0,NA,20.5859545679989,NA,NA,9.96311754855167,NA,253,0,84,0,1536
"9",0.45,2005,0,0.222166971594223,0,0,0.808175103751874,0,NA,19.6022463313231,NA,NA,9.51529421261907,NA,253,0,84,0,1536
"10",0.5,2005,0,0.221179902400643,0,0,0.807315808241238,0,NA,18.6652520529757,NA,NA,9.1056377108395,NA,253,0,84,0,1536
"11",0.55,2005,0,0.220430915781136,0,0,0.807204922481167,0,NA,17.7857255540335,NA,NA,8.73678282985724,NA,253,0,84,0,1536
"12",0.6,2005,0,0.219889548272506,0,0,0.80775309943868,0,NA,16.971991754892,NA,NA,8.41036264107165,NA,253,0,84,0,1536
"13",0.65,2005,0,0.219526992906785,0,0,0.808871911163393,0,NA,16.2298820731216,NA,NA,8.12700232289849,NA,253,0,84,0,1536
"14",0.7,2005,0,0.219316548049104,0,0,0.810476452956575,0,NA,15.5628092240057,NA,NA,7.8863593741152,NA,253,0,84,0,1536
"15",0.75,2005,0,0.21923389457864,0,0,0.812487196784875,0,NA,14.9719480058077,NA,NA,7.68720693515379,NA,253,0,84,0,1536
"16",0.8,2005,0,0.219257224157834,0,0,0.81483117845912,0,NA,14.4564924998689,NA,NA,7.52755497316254,NA,253,0,84,0,1536
"17",0.85,2005,0,0.219367247321213,0,0,0.817442629683508,0,NA,14.0139643366935,NA,NA,7.40480073109609,NA,253,0,84,0,1536
"18",0.9,2005,0,0.219547111145234,0,0,0.820263173224492,0,NA,13.6405496827322,NA,NA,7.31589639583635,NA,253,0,84,0,1536
"19",0.95,2005,0,0.21978225405501,0,0,0.823241693438953,0,NA,13.3314443055339,NA,NA,7.25751990680503,NA,253,0,84,0,1536
"20",0.05,2006,0,0.428054996825266,0,0,2.03886259228462,0,NA,29.3524705565522,NA,NA,14.2676345382542,NA,310,0,106,0,1916
"21",0.1,2006,0,0.417418092960715,0,0,1.9513428944451,0,NA,28.4741692682197,NA,NA,13.3224725614494,NA,310,0,106,0,1916
"22",0.15,2006,0,0.406549329043994,0,0,1.86757972950994,0,NA,27.6019600262294,NA,NA,12.4795043078355,NA,310,0,106,0,1916
"23",0.2,2006,0,0.395529947703205,0,0,1.78738120249458,0,NA,26.7274443234695,NA,NA,11.7214396283111,NA,310,0,106,0,1916
"24",0.25,2006,0,0.384449135184077,0,0,1.71071363730588,0,NA,25.8439322772058,NA,NA,11.0348251177801,NA,310,0,106,0,1916
"25",0.3,2006,0,0.373402895539536,0,0,1.63765645010083,0,NA,24.9467643231294,NA,NA,10.4095569448348,NA,310,0,106,0,1916
"26",0.35,2006,0,0.362491148363083,0,0,1.5683571982824,0,NA,24.0335792181934,NA,NA,9.83842875662494,NA,310,0,106,0,1916
"27",0.4,2006,0,0.351813631838417,0,0,1.50298979740557,0,NA,23.1044918583715,NA,NA,9.31667666068508,NA,310,0,106,0,1916
"28",0.45,2006,0,0.341465290993947,0,0,1.44171872433391,0,NA,22.16214731608,NA,NA,8.84150516759493,NA,310,0,106,0,1916
"29",0.5,2006,0,0.331531830981546,0,0,1.38467132203358,0,NA,21.2116271236654,NA,NA,8.41159568661939,NA,310,0,106,0,1916
"30",0.55,2006,0,0.322086012122649,0,0,1.33191926646905,0,NA,20.2601990708623,NA,NA,8.02661156311828,NA,310,0,106,0,1916
"31",0.6,2006,0,0.313185080726222,0,0,1.2834691106722,0,NA,19.3169199169363,NA,NA,7.68672106254119,NA,310,0,106,0,1916
"32",0.65,2006,0,0.304869510123353,0,0,1.2392608357419,0,NA,18.3921177242271,NA,NA,7.39216331108299,NA,310,0,106,0,1916
"33",0.7,2006,0,0.297163017293657,0,0,1.19917268017672,0,NA,17.4967934299467,NA,NA,7.14288294443012,NA,310,0,106,0,1916
"34",0.75,2006,0,0.290073659202358,0,0,1.16303024214088,0,NA,16.6419875846055,NA,NA,6.93825699509333,NA,310,0,106,0,1916
"35",0.8,2006,0,0.283595718452415,0,0,1.13061791051919,0,NA,15.8381578225819,NA,NA,6.77693132764546,NA,310,0,106,0,1916
"36",0.85,2006,0,0.277712059980084,0,0,1.10169097778248,0,NA,15.0946075532358,NA,NA,6.6567729441332,NA,310,0,106,0,1916
"37",0.9,2006,0,0.272396665401678,0,0,1.07598720324362,0,NA,14.4189995655145,NA,NA,6.5749298131166,NA,310,0,106,0,1916
"38",0.95,2006,0,0.267617109154285,0,0,1.05323702847834,0,NA,13.8169821967359,NA,NA,6.52797503090345,NA,310,0,106,0,1916
"39",0.05,2007,0,0.579153569013261,0,0,3.44174122195357,0,NA,28.0377707655494,NA,NA,17.8541474914574,NA,361,0,137,0,2326
"40",0.1,2007,0,0.570392197276202,0,0,3.33675302499333,0,NA,27.0676719503903,NA,NA,16.7349178247702,NA,361,0,137,0,2326
"41",0.15,2007,0,0.560506962944144,0,0,3.22185746588254,0,NA,26.1401486321343,NA,NA,15.6454202567941,NA,361,0,137,0,2326
"42",0.2,2007,0,0.54948448026793,0,0,3.09862943799882,0,NA,25.249046862997,NA,NA,14.5918093375714,NA,361,0,137,0,2326
"43",0.25,2007,0,0.537338417680868,0,0,2.96873159444481,0,NA,24.3878479545508,NA,NA,13.5800716443082,NA,361,0,137,0,2326
"44",0.3,2007,0,0.524115930049706,0,0,2.83394067459535,0,NA,23.5499341536588,NA,NA,12.6160884152174,NA,361,0,137,0,2326
"45",0.35,2007,0,0.509902922171311,0,0,2.69614527788415,0,NA,22.7288905739816,NA,NA,11.7056159626407,NA,361,0,137,0,2326
"46",0.4,2007,0,0.494826654025147,0,0,2.55730983733426,0,NA,21.9188387639974,NA,NA,10.8541853081302,NA,361,0,137,0,2326
"47",0.45,2007,0,0.479054512977229,0,0,2.41940813845772,0,NA,21.1147923201903,NA,NA,10.0669416859196,NA,361,0,137,0,2326
"48",0.5,2007,0,0.462788384757917,0,0,2.2843370637919,0,NA,20.3130175769197,NA,NA,9.34845028409848,NA,361,0,137,0,2326
"49",0.55,2007,0,0.446254862611105,0,0,2.15382557672707,0,NA,19.5113739981744,NA,NA,8.70248908479799,NA,361,0,137,0,2326
"50",0.6,2007,0,0.429692359738001,0,0,2.02935434351422,0,NA,18.7096014395498,NA,NA,8.13183942631368,NA,361,0,137,0,2326
"51",0.65,2007,0,0.413336813433247,0,0,1.91209809055207,0,NA,17.9095172237007,NA,NA,7.63807872620898,NA,361,0,137,0,2326
"52",0.7,2007,0,0.397407915253472,0,0,1.80289715913364,0,NA,17.1150869802761,NA,NA,7.22138469635002,NA,361,0,137,0,2326
"53",0.75,2007,0,0.382097612853351,0,0,1.70225860938175,0,NA,16.3323404488792,NA,NA,6.88037679396098,NA,361,0,137,0,2326
"54",0.8,2007,0,0.367562087212531,0,0,1.61038227240433,0,NA,15.5691164337594,NA,NA,6.61203958972886,NA,361,0,137,0,2326
"55",0.85,2007,0,0.353917694101191,0,0,1.52720426481026,0,NA,14.8346378907936,NA,NA,6.41177849136389,NA,361,0,137,0,2326
"56",0.9,2007,0,0.341240673179418,0,0,1.45244975140427,0,NA,14.1389361194363,NA,NA,6.27363836736012,NA,361,0,137,0,2326
"57",0.95,2007,0,0.329569924420399,0,0,1.38568766718538,0,NA,13.4921601717616,NA,NA,6.19067263960348,NA,361,0,137,0,2326
"58",0.05,2008,0,0.975579729531185,0,0,4.09559166352684,0,NA,23.693259232558,NA,NA,16.2154100915177,NA,420,0,171,0,2712
"59",0.1,2008,0,0.95423378517285,0,0,4.06344089933891,0,NA,23.0118303353219,NA,NA,15.6339130892807,NA,420,0,171,0,2712
"60",0.15,2008,0,0.931856751107608,0,0,4.02061417765033,0,NA,22.3467031156462,NA,NA,15.0346362858993,NA,420,0,171,0,2712
"61",0.2,2008,0,0.908267847228845,0,0,3.9652336108905,0,NA,21.6963132593566,NA,NA,14.4131270867522,NA,420,0,171,0,2712
"62",0.25,2008,0,0.883299018038376,0,0,3.89560418972176,0,NA,21.058977494138,NA,NA,13.7665031581055,NA,420,0,171,0,2712
"63",0.3,2008,0,0.85680978225353,0,0,3.81035720447508,0,NA,20.4328023582566,NA,NA,13.0938570965651,NA,420,0,171,0,2712
"64",0.35,2008,0,0.828706342019704,0,0,3.70862765661884,0,NA,19.8156425664907,NA,NA,12.3967403827967,NA,420,0,171,0,2712
"65",0.4,2008,0,0.798963029052682,0,0,3.59024238199756,0,NA,19.2051151021894,NA,NA,11.6796199295026,NA,420,0,171,0,2712
"66",0.45,2008,0,0.767642807387719,0,0,3.45588193343012,0,NA,18.5986743858181,NA,NA,10.9501743389166,NA,420,0,171,0,2712
"67",0.5,2008,0,0.734912573155231,0,0,3.30717189784156,0,NA,17.9937526349294,NA,NA,10.2192970572666,NA,420,0,171,0,2712
"68",0.55,2008,0,0.701048854128255,0,0,3.14666426153325,0,NA,17.3879670382428,NA,NA,9.50070943749843,NA,420,0,171,0,2712
"69",0.6,2008,0,0.666430584441323,0,0,2.9776893417515,0,NA,16.7793907234249,NA,NA,8.81015406276308,NA,420,0,171,0,2712
"70",0.65,2008,0,0.631517935394728,0,0,2.80408979967108,0,NA,16.1668769768903,NA,NA,8.16421731264777,NA,420,0,171,0,2712
"71",0.7,2008,0,0.596819230117282,0,0,2.62987992791366,0,NA,15.5504155993029,NA,NA,7.57889428977129,NA,420,0,171,0,2712
"72",0.75,2008,0,0.562850831307632,0,0,2.45889326894022,0,NA,14.9314874490277,NA,NA,7.06804781900886,NA,420,0,171,0,2712
"73",0.8,2008,0,0.530096568795659,0,0,2.29448179118774,0,NA,14.3133701588535,NA,NA,6.64194254881074,NA,420,0,171,0,2712
"74",0.85,2008,0,0.498973173235634,0,0,2.13931140622242,0,NA,13.7013378082423,NA,NA,6.30608009763922,NA,420,0,171,0,2712
"75",0.9,2008,0,0.469806409710549,0,0,1.99527044028758,0,NA,13.1026935455533,NA,NA,6.06060511980919,NA,420,0,171,0,2712
"76",0.95,2008,0,0.44281988750915,0,0,1.86348100409709,0,NA,12.5265799379261,NA,NA,5.90051163419274,NA,420,0,171,0,2712
"77",0.05,2009,0,1.70121592739488,0,0,8.4590524708386,0,NA,20.5922262200572,NA,NA,17.6526967809332,NA,481,0,208,0,3129
"78",0.1,2009,0,1.66121829672205,0,0,8.1962119556994,0,NA,20.0045522345331,NA,NA,16.663956813312,NA,481,0,208,0,3129
"79",0.15,2009,0,1.61897950448297,0,0,7.93771780698703,0,NA,19.4360935783734,NA,NA,15.7534184710015,NA,481,0,208,0,3129
"80",0.2,2009,0,1.57431114075192,0,0,7.67935177704111,0,NA,18.8846574986482,NA,NA,14.9044656670762,NA,481,0,208,0,3129
"81",0.25,2009,0,1.52699171421543,0,0,7.41681652290696,0,NA,18.3482114532635,NA,NA,14.1019990376978,NA,481,0,208,0,3129
"82",0.3,2009,0,1.47678222642613,0,0,7.14588127575881,0,NA,17.8248145100882,NA,NA,13.3325187157105,NA,481,0,208,0,3129
"83",0.35,2009,0,1.42345289490315,0,0,6.86261668440723,0,NA,17.3125521922988,NA,NA,12.5844266636641,NA,481,0,208,0,3129
"84",0.4,2009,0,1.36682270604406,0,0,6.56373190198171,0,NA,16.8094818537544,NA,NA,11.8485621555922,NA,481,0,208,0,3129
"85",0.45,2009,0,1.30681065172198,0,0,6.24699785020783,0,NA,16.3135967345377,NA,NA,11.1189276735061,NA,481,0,208,0,3129
"86",0.5,2009,0,1.24349343357385,0,0,5.91170039388308,0,NA,15.8228178837214,NA,NA,10.3934891550154,NA,481,0,208,0,3129
"87",0.55,2009,0,1.17715985210129,0,0,5.55902539963719,0,NA,15.3350241737929,NA,NA,9.67485926511851,NA,481,0,208,0,3129
"88",0.6,2009,0,1.1083485547907,0,0,5.19225299664694,0,NA,14.8481315034681,NA,NA,8.97062294191296,NA,481,0,208,0,3129
"89",0.65,2009,0,1.03785533390813,0,0,4.81665250292884,0,NA,14.3602324676791,NA,NA,8.29307108269028,NA,481,0,208,0,3129
"90",0.7,2009,0,0.966700392341455,0,0,4.43903323892686,0,NA,13.8698062194999,NA,NA,7.65818436182957,NA,481,0,208,0,3129
"91",0.75,2009,0,0.896054924591263,0,0,4.06700562196357,0,NA,13.3760033619581,NA,NA,7.08383958313309,NA,481,0,208,0,3129
"92",0.8,2009,0,0.827137518504662,0,0,3.70810178092546,0,NA,12.8790006183253,NA,NA,6.58736853946029,NA,481,0,208,0,3129
"93",0.85,2009,0,0.761099980654088,0,0,3.36895023561974,0,NA,12.3804032965461,NA,NA,6.18278333569662,NA,481,0,208,0,3129
"94",0.9,2009,0,0.698925257698674,0,0,3.05467322463845,0,NA,11.8836502071467,NA,NA,5.87821206609136,NA,481,0,208,0,3129
"95",0.95,2009,0,0.641355863962485,0,0,2.7685941251017,0,NA,11.3943482266146,NA,NA,5.6742915484373,NA,481,0,208,0,3129
"96",0.05,2010,0,1.06470012455012,0,0,7.63278995686083,0,NA,24.3394783485672,NA,NA,17.2618455192225,NA,539,0,241,0,3535
"97",0.1,2010,0,1.09389542982377,0,0,7.63674221355255,0,NA,22.6023226866054,NA,NA,16.0627953074568,NA,539,0,241,0,3535
"98",0.15,2010,0,1.11878751690173,0,0,7.61002148171482,0,NA,21.1123106261693,NA,NA,14.9907532194471,NA,539,0,241,0,3535
"99",0.2,2010,0,1.13899909130138,0,0,7.55364797092306,0,NA,19.8273330440047,NA,NA,14.0282927746359,NA,539,0,241,0,3535
"100",0.25,2010,0,1.15410978313811,0,0,7.46759487747337,0,NA,18.7125315308312,NA,NA,13.1583637423032,NA,539,0,241,0,3535
"101",0.3,2010,0,1.16365146990582,0,0,7.35081731862851,0,NA,17.7388602355272,NA,NA,12.3643563200769,NA,539,0,241,0,3535
"102",0.35,2010,0,1.16711132170161,0,0,7.20141211181379,0,NA,16.8819707523242,NA,NA,11.6302835412419,NA,539,0,241,0,3535
"103",0.4,2010,0,1.16394844974253,0,0,7.01694488566521,0,NA,16.1213321517608,NA,NA,10.9411754404393,NA,539,0,241,0,3535
"104",0.45,2010,0,1.15363069941828,0,0,6.79497462877099,0,NA,15.4395283724729,NA,NA,10.2837614757276,NA,539,0,241,0,3535
"105",0.5,2010,0,1.1356966938978,0,0,6.53377215602911,0,NA,14.8216967504586,NA,NA,9.64746140322163,NA,539,0,241,0,3535
"106",0.55,2010,0,1.10984350340474,0,0,6.23316326572657,0,NA,14.2550871037312,NA,NA,9.02560301848652,NA,539,0,241,0,3535
"107",0.6,2010,0,1.07603180766987,0,0,5.89534060108266,0,NA,13.7287321800326,NA,NA,8.41664794854242,NA,539,0,241,0,3535
"108",0.65,2010,0,1.03458948785898,0,0,5.5254157287526,0,NA,13.2332283681727,NA,NA,7.82507186880324,NA,539,0,241,0,3535
"109",0.7,2010,0,0.986285246043696,0,0,5.13147785797337,0,NA,12.7606306391201,NA,NA,7.26147537316125,NA,539,0,241,0,3535
"110",0.75,2010,0,0.932342078514178,0,0,4.72402811410058,0,NA,12.3044671860145,NA,NA,6.74155583125603,NA,539,0,241,0,3535
"111",0.8,2010,0,0.874371022832232,0,0,4.31485335564455,0,NA,11.859875690687,NA,NA,6.28377445121215,NA,539,0,241,0,3535
"112",0.85,2010,0,0.814227791482204,0,0,3.91560704876733,0,NA,11.4238522358145,NA,NA,5.90590138320442,NA,539,0,241,0,3535
"113",0.9,2010,0,0.753820378740178,0,0,3.53646807932034,0,NA,10.9955832025857,NA,NA,5.62109989235605,NA,539,0,241,0,3535
"114",0.95,2010,0,0.694912279061844,0,0,3.18519619907532,0,NA,10.5767992223165,NA,NA,5.43470707576912,NA,539,0,241,0,3535
"115",0.05,2011,0,1.07238111442689,0,0,5.26463841836331,0,NA,24.1616888000546,NA,NA,19.6778916337533,NA,591,0,273,0,3935
"116",0.1,2011,0,1.07484251719953,0,0,5.35755747177209,0,NA,22.8914049170286,NA,NA,18.9232504448938,NA,591,0,273,0,3935
"117",0.15,2011,0,1.07966200892494,0,0,5.45511475859796,0,NA,21.6374626015796,NA,NA,18.1322072950736,NA,591,0,273,0,3935
"118",0.2,2011,0,1.08608172924539,0,0,5.55286784809321,0,NA,20.4167211341006,NA,NA,17.3062052426712,NA,591,0,273,0,3935
"119",0.25,2011,0,1.09326171626478,0,0,5.64578452508503,0,NA,19.2443207653917,NA,NA,16.4482455396567,NA,591,0,273,0,3935
"120",0.3,2011,0,1.10026817556018,0,0,5.72813719442343,0,NA,18.1328624006344,NA,NA,15.5624008949507,NA,591,0,273,0,3935
"121",0.35,2011,0,1.10606324544958,0,0,5.79340667175523,0,NA,17.0918936288855,NA,NA,14.653390032145,NA,591,0,273,0,3935
"122",0.4,2011,0,1.10950135511394,0,0,5.83425017575294,0,NA,16.1276717421565,NA,NA,13.7263140347196,NA,591,0,273,0,3935
"123",0.45,2011,0,1.10934047232259,0,0,5.842623371003,0,NA,15.2431621492168,NA,NA,12.7866664327527,NA,591,0,273,0,3935
"124",0.5,2011,0,1.10427957713795,0,0,5.81017346379295,0,NA,14.4382284082809,NA,NA,11.8407115914043,NA,591,0,273,0,3935
"125",0.55,2011,0,1.09303465294105,0,0,5.72901316301968,0,NA,13.709973188127,NA,NA,10.8962623631794,NA,591,0,273,0,3935
"126",0.6,2011,0,1.07446142525681,0,0,5.59290897244653,0,NA,13.0531945559729,NA,NA,9.96376590233285,NA,591,0,273,0,3935
"127",0.65,2011,0,1.04772112360583,0,0,5.39875046442456,0,NA,12.460927902064,NA,NA,9.05743408551079,NA,591,0,273,0,3935
"128",0.7,2011,0,1.01246546272615,0,0,5.14794231143338,0,NA,11.9250507755018,NA,NA,8.19597603620567,NA,591,0,273,0,3935
"129",0.75,2011,0,0.968994599484988,0,0,4.84719392881001,0,NA,11.4369359856264,NA,NA,7.40237958650478,NA,591,0,273,0,3935
"130",0.8,2011,0,0.918329673402169,0,0,4.50823336833544,0,NA,10.9881456906579,NA,NA,6.70221740273452,NA,591,0,273,0,3935
"131",0.85,2011,0,0.862153549751885,0,0,4.14631664218841,0,NA,10.5711613034787,NA,NA,6.12017871276386,NA,591,0,273,0,3935
"132",0.9,2011,0,0.802612861432166,0,0,3.77790278398961,0,NA,10.1801345418639,NA,NA,5.67507566570746,NA,591,0,273,0,3935
"133",0.95,2011,0,0.742025747050933,0,0,3.41821860204232,0,NA,9.81161851369038,NA,NA,5.37462434779059,NA,591,0,273,0,3935
"134",0.05,2012,0,0.811097324877713,0.00443681015830158,0,5.39265897737522,0.0294985612665926,NA,16.5823047675325,107.401200995423,NA,17.7218796336123,17.7957598864807,587,0,288,1,3949
"135",0.1,2012,0,0.825758125761292,0.00419093427137021,0,5.3958532514443,0.0273853391317391,NA,15.6267716542695,107.398815218707,NA,16.6067449055768,16.6791178171939,587,0,288,1,3949
"136",0.15,2012,0,0.841001606111933,0.00394582294344752,0,5.41215368938632,0.0253928173809009,NA,14.8161822853861,107.396697840542,NA,15.6361941278236,15.7072498644925,587,0,288,1,3949
"137",0.2,2012,0,0.857027374972853,0.00370163170072365,0,5.44027929327341,0.0234973944600185,NA,14.1169959755554,107.39481336564,NA,14.7754931509645,14.8454522092937,587,0,288,1,3949
"138",0.25,2012,0,0.873853309404506,0.00345851425234633,0,5.47792167599131,0.0216803781432875,NA,13.5028416864185,107.393131895095,NA,13.9948224179753,14.0639600157206,587,0,288,1,3949
"139",0.3,2012,0,0.891292580755901,0.00321662991654713,0,5.52159928712751,0.0199271730042863,NA,12.9540796818268,107.391628262444,NA,13.2688307934371,13.3374942472733,587,0,288,1,3949
"140",0.35,2012,0,0.908929775767115,0.00297615987806853,0,5.56648478344837,0.0182266541553181,NA,12.4571124775311,107.390281412975,NA,12.5763381469278,12.6449587891287,587,0,288,1,3949
"141",0.4,2012,0,0.926099942300395,0.00273734077110508,0,5.60625524585131,0.0165708152616564,NA,12.0033556100073,107.389074018131,NA,11.9001708207332,11.9692722294373,587,0,288,1,3949
"142",0.45,2012,0,0.941878019282795,0.00250052448525698,0,5.63305083243385,0.0149547831511385,NA,11.5879512517082,107.387992317671,NA,11.2271750264165,11.2973790336079,587,0,288,1,3949
"143",0.5,2012,0,0.9550904955044,0.00226626903261969,0,5.63766749248497,0.0133772363085635,NA,11.2083993054951,107.387026151665,NA,10.5484846269794,10.6205155089777,587,0,288,1,3949
"144",0.55,2012,0,0.964364759838766,0.00203545495568525,0,5.61013103378016,0.0118411305455216,NA,10.863298481409,107.38616908331,NA,9.86009668802207,9.93478183679879,587,0,288,1,3949
"145",0.6,2012,0,0.968231452046577,0.00180940508792079,0,5.54076412790241,0.0103544320759303,NA,10.5513544910585,107.385418436834,NA,9.16370962756395,9.2419714021104,587,0,288,1,3949
"146",0.65,2012,0,0.96528720379504,0.00158996644096532,0,5.4217236860922,0.00893035635319967,NA,10.2707478285768,107.384775017188,NA,8.4676048972106,8.55043281782794,587,0,288,1,3949
"147",0.7,2012,0,0.954406778879831,0.00137950099947752,0,5.24875094470734,0.00758655254181094,NA,10.0188817600559,107.384242292128,NA,7.78714577493583,7.87553109757824,587,0,288,1,3949
"148",0.75,2012,0,0.934967426704601,0.00118074019765272,0,5.02262700679453,0.00634291359822117,NA,9.79246961042751,107.383824948246,NA,7.14431302092014,7.23912244656545,587,0,288,1,3949
"149",0.8,2012,0,0.907025326429346,0.000996494298427209,0,4.74973706909397,0.00521825110111652,NA,9.58787967426939,107.383526975019,NA,6.56569873598166,6.6674712858121,587,0,288,1,3949
"150",0.85,2012,0,0.871380851114698,0.000829265433807849,0,4.44136773765274,0.00422670837780436,NA,9.40163790668679,107.38334969315,NA,6.0786275794083,6.18731782659098,587,0,288,1,3949
"151",0.9,2012,0,0.829496693868402,0.000680864541686749,0,4.11185090363638,0.00337507491191132,NA,9.23098732920142,107.383290273542,NA,5.70568994028125,5.8204605715799,587,0,288,1,3949
"152",0.95,2012,0,0.78328309018048,0.000552144896662104,0,3.77615054697715,0.00266185020419735,NA,9.07441014451298,107.383341181197,NA,5.45905599608041,5.57828935432461,587,0,288,1,3949
"153",0.05,2013,0,1.14749136901967,0.0578749704087942,0,6.05697266494407,0.305489978586937,NA,16.5185197394693,78.8677110148536,NA,16.5424445734698,16.6539095877975,581,0,308,3,3946
"154",0.1,2013,0,1.13190694643589,0.0551635979763062,0,6.03083209890086,0.293913204096776,NA,15.928830748919,78.5830574724206,NA,15.8968431159229,16.0067593093471,581,0,308,3,3946
"155",0.15,2013,0,1.11765756325909,0.0524005916421882,0,6.00491158495797,0.281536071650851,NA,15.3148081190248,78.3025942971795,NA,15.2374125709821,15.3456808667569,581,0,308,3,3946
"156",0.2,2013,0,1.10489615458275,0.0495870248365671,0,5.98089929814347,0.268418892410794,NA,14.6775683092757,78.0262522819422,NA,14.5675376915407,14.674046728087,581,0,308,3,3946
"157",0.25,2013,0,1.09377387886934,0.0467244774883276,0,5.9601451117076,0.254608993210757,NA,14.0201560641342,77.7539672819189,NA,13.8902609562494,13.9948892478374,581,0,308,3,3946
"158",0.3,2013,0,1.08438951378977,0.0438151377526899,0,5.94335516213178,0.240143345016199,NA,13.3480080315998,77.4856791805714,NA,13.2079975230437,13.3106210721748,581,0,308,3,3946
"159",0.35,2013,0,1.07673247139217,0.0408620449616797,0,5.93023948033064,0.225052850839993,NA,12.6693244897704,77.2213311772877,NA,12.5223476821618,12.6228531581018,581,0,308,3,3946
"160",0.4,2013,0,1.07062249827672,0.0378695906201913,0,5.91913195306623,0.20936894587057,NA,11.9952176358616,76.9608693857518,NA,11.8340791144604,11.932381851269,581,0,308,3,3946
"161",0.45,2013,0,1.06565261610866,0.0348444061057725,0,5.90663819385021,0.193133575459076,NA,11.3394841568522,76.7042427266283,NA,11.1433833821063,11.239448260024,581,0,308,3,3946
"162",0.5,2013,0,1.06114651067267,0.0317967134453138,0,5.88741563180179,0.176413403705389,NA,10.7178607601674,76.4514030606297,NA,10.4505155407902,10.5443774043483,581,0,308,3,3946
"163",0.55,2013,0,1.05614645605735,0.0287420663018162,0,5.85423869699048,0.159317787614127,NA,10.146688674344,76.2023054409499,NA,9.75687760345045,9.84865637997591,581,0,308,3,3946
"164",0.6,2013,0,1.04945058738082,0.025703156442833,0,5.79852003089959,0.142017422528755,NA,9.64105711828099,75.9569082849046,NA,9.06648425980644,9.15638846800892,581,0,308,3,3946
"165",0.65,2013,0,1.03971499410741,0.0227110633163902,0,5.7113992533078,0.124757217893557,NA,9.21271041080723,75.7151732116607,NA,8.38755057734938,8.47586157037619,581,0,308,3,3946
"166",0.7,2013,0,1.02562271898811,0.0198051267662628,0,5.58533578923096,0.107854751352428,NA,8.86822222859398,75.4770643205079,NA,7.7337059995303,7.82073471178662,581,0,308,3,3946
"167",0.75,2013,0,1.00609795840325,0.0170307312148455,0,5.41587563589456,0.091677278020061,NA,8.60802434992964,75.2425468353584,NA,7.12416079122222,7.21017130548527,581,0,308,3,3946
"168",0.8,2013,0,0.980517021296973,0.0144348430357359,0,5.20303303714897,0.0765973089397762,NA,8.42668838722165,75.0115853000376,NA,6.58216142653185,6.66726651423946,581,0,308,3,3946
"169",0.85,2013,0,0.948853043791492,0.0120600320929137,0,4.95172602586455,0.0629370113506909,NA,8.31441510710207,74.7841417684822,NA,6.13140594372976,6.21546408911249,581,0,308,3,3946
"170",0.9,2013,0,0.911703288748302,0.00993851129811099,0,4.67102116829966,0.0509189746574206,NA,8.25922481305671,74.5601745355565,NA,5.79086335628851,5.87343705647592,581,0,308,3,3946
"171",0.95,2013,0,0.870186334611658,0.00808792970064766,0,4.37243499474367,0.040639510701947,NA,8.24914816662717,74.3396378020168,NA,5.56958905800398,5.65002461922543,581,0,308,3,3946
"172",0.05,2014,0,0.820446045195375,0.119859199240125,0,4.85639572552655,0.70947225142168,NA,16.8666524270558,52.6645532271377,NA,16.5299382881083,16.556951977558,578,0,338,8,3952
"173",0.1,2014,0,0.836011415299249,0.116312665148243,0,4.92233724071132,0.684835341656964,NA,15.7939588880582,51.5049897669881,NA,15.649633373728,15.6752926176962,578,0,338,8,3952
"174",0.15,2014,0,0.850123310628816,0.112500655679631,0,4.98330744106698,0.659463571418291,NA,14.8450459247762,50.4571657297455,NA,14.83387933685,14.8586841257418,578,0,338,8,3952
"175",0.2,2014,0,0.863026124154255,0.108411948889509,0,5.04017843939004,0.633139081277093,NA,13.9927198545888,49.5133115283541,NA,14.0695237941751,14.0938809872029,578,0,338,8,3952
"176",0.25,2014,0,0.874993178800371,0.104035510258675,0,5.0940015160699,0.605669918146535,NA,13.2139316725718,48.6660482373848,NA,13.3452966593724,13.3695290464609,578,0,338,8,3952
"177",0.3,2014,0,0.886312923418433,0.0993609972803061,0,5.14585278286927,0.576880976068249,NA,12.4897741738992,47.9083701450013,NA,12.6514770492065,12.6758320373984,578,0,338,8,3952
"178",0.35,2014,0,0.897259334173977,0.094379664869588,0,5.19658355529576,0.546610991645063,NA,11.8058364525006,47.2336318921223,NA,11.9796887623824,12.0043479453506,578,0,338,8,3952
"179",0.4,2014,0,0.908046551235594,0.089086003152914,0,5.24647832803057,0.514717867973447,NA,11.1527870678547,46.6355389802089,NA,11.3228229114997,11.3479136739526,578,0,338,8,3952
"180",0.45,2014,0,0.918770571132165,0.0834805064325897,0,5.29484500217746,0.48109545097767,NA,10.5270201487382,46.1081405699985,NA,10.6751389692587,10.7007489995889,578,0,338,8,3952
"181",0.5,2014,0,0.929345216862716,0.0775738882447613,0,5.33959926968912,0.445704641830486,NA,9.93111214603173,45.6458235674258,NA,10.0326324536404,10.0588273321659,578,0,338,8,3952
"182",0.55,2014,0,0.939445422628943,0.0713927061772405,0,5.37695530877447,0.408619150448626,NA,9.37373320388783,45.2433069883382,NA,9.39375285608598,9.42059554648575,578,0,338,8,3952
"183",0.6,2014,0,0.948476743139064,0.064985673233289,0,5.40138270835332,0.370080230466464,NA,8.86860321972612,44.8956355488342,NA,8.7604781601766,8.78804722130958,578,0,338,8,3952
"184",0.65,2014,0,0.955592775766941,0.0584290034646477,0,5.40600001690522,0.33054581588285,NA,8.43218499836709,44.5981714511679,NA,8.1395813295589,8.16798225409742,578,0,338,8,3952
"185",0.7,2014,0,0.959777254772881,0.0518283410364162,0,5.3835012771419,0.290711140292357,NA,8.08017991154602,44.3465835864843,NA,7.54367508557543,7.57303713158989,578,0,338,8,3952
"186",0.75,2014,0,0.959991395524738,0.045314786095311,0,5.32752790366771,0.251477032499383,NA,7.82353898946856,44.1368339775872,NA,6.99137308126798,7.0218239740855,578,0,338,8,3952
"187",0.8,2014,0,0.955361693399999,0.0390338232814022,0,5.23415351409654,0.213855155286651,NA,7.6653273203507,43.9651621708339,NA,6.50580789798241,6.53742399830821,578,0,338,8,3952
"188",0.85,2014,0,0.945359519694523,0.0331284936153987,0,5.10298503053657,0.17882530770752,NA,7.59979339942432,43.8280691066089,NA,6.11100683927095,6.14375045598754,578,0,338,8,3952
"189",0.9,2014,0,0.9299169535813,0.0277208332301823,0,4.93745097844495,0.147185460624798,NA,7.61406429527361,43.7223022573393,NA,5.82646136555317,5.86013731448753,578,0,338,8,3952
"190",0.95,2014,0,0.909442118388077,0.0228968139204112,0,4.74416205512473,0.119442671048707,NA,7.69156482234242,43.6448432531058,NA,5.66158783968648,5.69585899776876,578,0,338,8,3952
"191",0.05,2015,0,1.2352721161386,0.0283828172592022,0,6.03113020712298,0.138577131547604,NA,15.5073767296733,60.4381640757186,NA,17.8976560637865,17.9711070604513,573,0,357,10,3902
"192",0.1,2015,0,1.21428042040824,0.0329562273184115,0,5.98062790965554,0.162317475918108,NA,14.9505136177705,51.8322611697567,NA,17.1165513626143,17.1833054328652,573,0,357,10,3902
"193",0.15,2015,0,1.19475559502403,0.037110241330224,0,5.93450734822983,0.184331423753967,NA,14.3786048661981,46.8344609945268,NA,16.3419267176307,16.4036052889736,573,0,357,10,3902
"194",0.2,2015,0,1.1765220235064,0.0408029431266607,0,5.89254288315585,0.204359193732941,NA,13.7936812619528,43.8570677074166,NA,15.5734917777027,15.6309593819895,573,0,357,10,3902
"195",0.25,2015,0,1.15945755757626,0.0439917064274075,0,5.85462258883155,0.222133907781446,NA,13.1973100822437,42.0418203348368,NA,14.8105289998481,14.8643083599541,573,0,357,10,3902
"196",0.3,2015,0,1.14349931270738,0.0466329959320951,0,5.82078459669021,0.237377164465788,NA,12.5904813783006,40.9114353188744,NA,14.0518881843335,14.1023362119405,573,0,357,10,3902
"197",0.35,2015,0,1.12864183731565,0.0486825107506927,0,5.79119459744942,0.249795713687367,NA,11.9737557617549,40.195432552299,NA,13.2960365781646,13.3434265519268,573,0,357,10,3902
"198",0.4,2015,0,1.11492425507923,0.0500960244603317,0,5.76605022715672,0.259081450513979,NA,11.3477815108726,39.7377381511706,NA,12.5412430274608,12.5858064392305,573,0,357,10,3902
"199",0.45,2015,0,1.10240440872294,0.0508314480033522,0,5.74540721488788,0.264918541499643,NA,10.7142701886186,39.4465262254715,NA,11.7859860968589,11.8279367338669,573,0,357,10,3902
"200",0.5,2015,0,1.09112045671684,0.0508527373001369,0,5.72893873973536,0.267002799688085,NA,10.0774552824939,39.2666238062843,NA,11.0296735335783,11.0692245097649,573,0,357,10,3902
"201",0.55,2015,0,1.08104398364203,0.0501361305088964,0,5.71566507323229,0.265078326499992,NA,9.44591101099267,39.164123438941,NA,10.2737264730513,10.311105527252,573,0,357,10,3902
"202",0.6,2015,0,1.07203328892815,0.048678650462744,0,5.70372303847865,0.258993394136114,NA,8.83434616205347,39.1176705855115,NA,9.52299173141801,9.55845666488421,573,0,357,10,3902
"203",0.65,2015,0,1.06379999480839,0.0465077623893486,0,5.69027325763882,0.248770330784217,NA,8.26461909696799,39.1134479282652,NA,8.78727741004161,8.82113019279311,573,0,357,10,3902
"204",0.7,2015,0,1.05590402156439,0.0436897432148556,0,5.6716457318303,0.234673550406766,NA,7.76486550838841,39.1422382184094,NA,8.08256295856816,8.11515725554965,573,0,357,10,3902
"205",0.75,2015,0,1.04778816081853,0.0403333385251316,0,5.64377596470192,0.21725033270704,NA,7.36563746157005,39.1976748877258,NA,7.43116963406449,7.46290313079835,573,0,357,10,3902
"206",0.8,2015,0,1.0388523126883,0.0365855665819217,0,5.60287906441046,0.197318235285047,NA,7.09292379118875,39.2751832669685,NA,6.86002833864888,6.89131123931778,573,0,357,10,3902
"207",0.85,2015,0,1.02855177991264,0.0326186213002576,0,5.54618636723193,0.175887064031677,NA,6.96015445647254,39.3713311995227,NA,6.39640836989152,6.42760789854031,573,0,357,10,3902
"208",0.9,2015,0,1.01649162560191,0.0286101577155548,0,5.47250380004506,0.15402900808509,NA,6.96339957946936,39.4834276719178,NA,6.06144513337474,6.09282506680922,573,0,357,10,3902
"209",0.95,2015,0,1.00248827642126,0.0247220954510721,0,5.38240239422088,0.132733986896114,NA,7.08302521847831,39.6092748252911,NA,5.86359914861082,5.89529056617245,573,0,357,10,3902
"210",0.05,2016,0,0.874594704180848,0.0916759822346324,0,6.88338923486944,0.721524457206712,NA,17.9041628212111,54.684310774837,NA,16.7799458284294,16.837605446746,570,0,371,16,3938
"211",0.1,2016,0,0.889914491830396,0.0886593520946769,0,6.80156921589568,0.677618721174098,NA,16.7352974672756,53.501229900642,NA,15.5806804043728,15.6337184568985,570,0,371,16,3938
"212",0.15,2016,0,0.903526741806495,0.0860547579027041,0,6.71973206297079,0.640008634048637,NA,15.6862638080731,52.0216231654664,NA,14.5543763683808,14.6034808501036,570,0,371,16,3938
"213",0.2,2016,0,0.915614260684751,0.0837907631694889,0,6.63853770030342,0.60751362677756,NA,14.7337201463084,50.2938361520334,NA,13.6644878955024,13.7102123383886,570,0,371,16,3938
"214",0.25,2016,0,0.926338642825431,0.0817872950264744,0,6.55855556185551,0.579060932888328,NA,13.8582464906301,48.3804462308091,NA,12.8801405734372,12.9229157526649,570,0,371,16,3938
"215",0.3,2016,0,0.935856573740131,0.0799554740051339,0,6.48033384281432,0.553651252395441,NA,13.0433749598098,46.3530415809795,NA,12.1752380766671,12.2153877184939,570,0,371,16,3938
"216",0.35,2016,0,0.944335647004272,0.0781977931767583,0,6.40445892508117,0.530335327297324,NA,12.2749796740999,44.2865545557483,NA,11.5277944961261,11.5655542689371,570,0,371,16,3938
"217",0.4,2016,0,0.951966485763895,0.076409049753969,0,6.33158685052138,0.508201225482063,NA,11.5410456757496,42.2538041292735,NA,10.9194623824298,10.9550008762608,570,0,371,16,3938
"218",0.45,2016,0,0.958967300059442,0.074478673322935,0,6.26243218404555,0.486374916864894,NA,10.8319099177724,40.3207593364529,NA,10.3353111752299,10.3687518613654,570,0,371,16,3938
"219",0.5,2016,0,0.965577100443687,0.0722952898412379,0,6.19770547918144,0.464038463383362,NA,10.1411023468059,38.5428467496146,NA,9.76394955518986,9.79539343907712,570,0,371,16,3938
"220",0.55,2016,0,0.972035026008221,0.069754337693888,0,6.13799995230228,0.440469849318311,NA,9.46687484406412,36.9624609951385,NA,9.19807188705961,9.22762118203897,570,0,371,16,3938
"221",0.6,2016,0,0.978546084391937,0.0667690711535856,0,6.08364204874101,0.415104751124463,NA,8.8143285929026,35.6077296695305,NA,8.6354298450628,8.66321290417136,570,0,371,16,3938
"222",0.65,2016,0,0.985238189614372,0.0632841519128975,0,6.03453854167523,0.387612516263792,NA,8.19766384830759,34.4925156544285,NA,8.08006950658176,8.10626588026073,570,0,371,16,3938
"223",0.7,2016,0,0.992120879332732,0.0592893305480965,0,5.99006911862438,0.357967658355226,NA,7.64145041976814,33.6175667499176,NA,7.54342845520918,7.56828997437271,570,0,371,16,3938
"224",0.75,2016,0,0.999060093190509,0.0548290925573712,0,5.94907705950584,0.326489366305196,NA,7.17911531639349,32.9726154936373,NA,7.04459365890686,7.06845337220392,570,0,371,16,3938
"225",0.8,2016,0,1.00578245462174,0.0500037343055766,0,5.90999026532351,0.293822567313447,NA,6.84674609634396,32.5391081729765,NA,6.60879921973222,6.63205716734988,570,0,371,16,3938
"226",0.85,2016,0,1.01191445992266,0.0449591474695023,0,5.87106017312909,0.260849973570105,NA,6.67218700345426,32.293157377017,NA,6.26336702807562,6.28644524112656,570,0,371,16,3938
"227",0.9,2016,0,1.01704890598039,0.0398664411613576,0,5.83065568433322,0.228550948144953,NA,6.66378138304083,32.208317824414,NA,6.0312038521911,6.05447782672318,570,0,371,16,3938
"228",0.95,2016,0,1.02081939431029,0.0348966046414912,0,5.78752297067413,0.197845869785439,NA,6.80617179701478,32.2578853038442,NA,5.92382433762582,5.94755956533006,570,0,371,16,3938
"229",0.05,2017,0,0.497203300679269,0.123221026355714,0,4.1812328726374,1.03622764630635,NA,25.7646185552096,65.6798164352602,NA,19.7411762945749,19.8899680820561,565,0,375,19,3947
"230",0.1,2017,0,0.518633836576271,0.120953367403937,0,4.33685517263867,1.01142116090354,NA,23.56308065954,63.5741148321838,NA,18.6852449251356,18.8230654069117,565,0,375,19,3947
"231",0.15,2017,0,0.541330302251954,0.118484204043542,0,4.48810109586449,0.98233755582917,NA,21.5435313816767,61.5129191291318,NA,17.6153610348325,17.742922857826,565,0,375,19,3947
"232",0.2,2017,0,0.565085334185436,0.115858200523903,0,4.63275532506266,0.949843612917325,NA,19.6981132979399,59.4588366375327,NA,16.5440570906666,16.6620118912272,565,0,375,19,3947
"233",0.25,2017,0,0.589717635520065,0.113104925714417,0,4.76907607024123,0.914685202139734,NA,18.0155743215681,57.3829913919665,NA,15.4837582374859,15.592684107945,565,0,375,19,3947
"234",0.3,2017,0,0.615072449042844,0.110236549759936,0,4.89581563150874,0.877454069546032,NA,16.4824826271479,55.2658183566433,NA,14.4458931827942,14.546290755341,565,0,375,19,3947
"235",0.35,2017,0,0.641026601760256,0.107245852985896,0,5.01224534659027,0.838565086212605,NA,15.0840814275627,53.09786750629,NA,13.4401513526637,13.5324470225054,565,0,375,19,3947
"236",0.4,2017,0,0.66749642298433,0.104105082359611,0,5.11817547877631,0.798248591905122,NA,13.8050488067733,50.8803568628131,NA,12.4739884705926,12.5585442270713,565,0,375,19,3947
"237",0.45,2017,0,0.694445193374747,0.100766478626817,0,5.21395423468206,0.756563387525344,NA,12.6304063945397,48.6252437074749,NA,11.5524904601165,11.6296202013098,565,0,375,19,3947
"238",0.5,2017,0,0.721885322312059,0.0971655502409956,0,5.3004269813284,0.713435899352389,NA,11.5468031062243,46.3546452927396,NA,10.678702373642,10.748694436877,565,0,375,19,3947
"239",0.55,2017,0,0.749869827982789,0.0932282163335576,0,5.37883838629209,0.668728744626851,NA,10.5443641722694,44.0995277442019,NA,9.85450021210181,9.91764526320685,565,0,375,19,3947
"240",0.6,2017,0,0.778468780081935,0.0888825169015456,0,5.45066851434856,0.622335986679282,NA,9.61918034647901,41.8976778510296,NA,9.08200883545469,9.13863138471118,565,0,375,19,3947
"241",0.65,2017,0,0.807729998692927,0.0840744326504157,0,5.51741056989617,0.574292355259888,NA,8.77621353589325,39.7910579638773,NA,8.36542532732727,8.41591609910057,565,0,375,19,3947
"242",0.7,2017,0,0.837629584222538,0.0787854571161065,0,5.5803218753819,0.524871874260553,NA,8.03178785173189,37.8227080364473,NA,7.71287741805689,7.75772258561573,565,0,375,19,3947
"243",0.75,2017,0,0.868025121800975,0.0730474859623521,0,5.64020332355717,0.474643720273363,NA,7.41388320432095,36.0334054318025,NA,7.1376441787368,7.17744597660011,565,0,375,19,3947
"244",0.8,2017,0,0.898628843150462,0.0669495650265083,0,5.69727172072631,0.424457623909795,NA,6.95758871872646,34.4583405076907,NA,6.65778688503041,6.69326838478413,565,0,375,19,3947
"245",0.85,2017,0,0.929015279279987,0.0606323856060034,0,5.7511708774948,0.375351426513178,NA,6.69393834443354,33.1241290774423,NA,6.29325868748751,6.3252445237199,565,0,375,19,3947
"246",0.9,2017,0,0.958666751039738,0.0542703415607114,0,5.80112187743532,0.328402821295593,NA,6.63516245674851,32.0465471302817,NA,6.06038258350685,6.08975006813605,565,0,375,19,3947
"247",0.95,2017,0,0.987045041255267,0.0480457881028161,0,5.84616165425559,0.284570037146392,NA,6.76573005180696,31.2293808777996,NA,5.96545598929508,5.99306124659855,565,0,375,19,3947
"248",0.05,2018,0,0.598444042624318,0.040442418979754,0,3.0469341049997,0.205909620451275,NA,23.5713230376879,71.2659093433079,NA,16.2725538456929,16.4186962146622,562,0,373,21,3953
"249",0.1,2018,0,0.5953286963505,0.0444540348036789,0,3.09256209667095,0.230925980757711,NA,22.5504305470657,63.2346727312586,NA,15.7861201799039,15.9213453134904,562,0,373,21,3953
"250",0.15,2018,0,0.594462941007432,0.0482183162821495,0,3.15019118390918,0.255519569643069,NA,21.474520193068,57.5712199848396,NA,15.2871459023547,15.4131296339637,562,0,373,21,3953
"251",0.2,2018,0,0.595995359176523,0.0517171837806285,0,3.220452855505,0.279453102479062,NA,20.3456780617085,53.4688111067368,NA,14.7689049771061,14.8866346502421,562,0,373,21,3953
"252",0.25,2018,0,0.600044284343932,0.0549368875899994,0,3.30378489049567,0.302477106917442,NA,19.1703410032669,50.3796533221701,NA,14.2254670970352,14.3355263583992,562,0,373,21,3953
"253",0.3,2018,0,0.606703559639939,0.0578637224943127,0,3.40041301204061,0.324310862806771,NA,17.9584970625432,47.9311154894654,NA,13.6519467398337,13.7546824602465,562,0,373,21,3953
"254",0.35,2018,0,0.616049008837343,0.0604792808792628,0,3.51034180732595,0.344620225180072,NA,16.7227106925698,45.8717720103745,NA,13.0448262606973,13.1404505365845,562,0,373,21,3953
"255",0.4,2018,0,0.628145865611486,0.062755598876421,0,3.63336060269383,0.362994860014049,NA,15.4771071016351,44.0355070927485,NA,12.4023594822224,12.4910136707337,562,0,373,21,3953
"256",0.45,2018,0,0.643055910770521,0.0646508865301569,0,3.76906325922166,0.378930163016383,NA,14.2365406884853,42.317417805393,NA,11.7250797785738,11.8068757039485,562,0,373,21,3953
"257",0.5,2018,0,0.660841248746889,0.0661069551865129,0,3.91687181752327,0.391822499281519,NA,13.0162136319524,40.6574957866023,NA,11.0164430060711,11.091490984853,562,0,373,21,3953
"258",0.55,2018,0,0.681560166523495,0.0670498413699291,0,4.07604609663308,0.400989168116745,NA,11.8319935215834,39.0292457497737,NA,10.2836160622929,10.3520465753365,562,0,373,21,3953
"259",0.6,2018,0,0.705250393064682,0.0673952206730885,0,4.24565997240788,0.405724255607873,NA,10.7016026900573,37.4312345622515,NA,9.53836276456869,9.60034665884101,562,0,373,21,3953
"260",0.65,2018,0,0.73189748880407,0.0670596360914179,0,4.42453518213779,0.405395186794069,NA,9.64668096879524,35.8802322419834,NA,8.7978741675952,8.85364441722836,562,0,373,21,3953
"261",0.7,2018,0,0.761391637833982,0.0659770210437454,0,4.61114613480291,0.399570563234912,NA,8.69532692304169,34.4051365153539,NA,8.08524354392799,8.13511969077593,562,0,373,21,3953
"262",0.75,2018,0,0.79348366061002,0.0641175975954876,0,4.80353679053121,0.388150700839411,NA,7.88386422265648,33.0412808252891,NA,7.42910290657829,7.4735174119279,562,0,373,21,3953
"263",0.8,2018,0,0.827757022270046,0.0615038896749546,0,4.99930652387697,0.371457793317879,NA,7.25518855728369,31.8250390750751,NA,6.86174222821426,6.90126566831931,562,0,373,21,3953
"264",0.85,2018,0,0.863632109996205,0.058217875888784,0,5.19570896174924,0.350245360250314,NA,6.85023948942595,30.7888901609346,NA,6.41498836353586,6.45034611600594,562,0,373,21,3953
"265",0.9,2018,0,0.900409557450228,0.0543954309119652,0,5.38986443897254,0.325611824407134,NA,6.69233903377037,29.9573004981105,NA,6.11374112245633,6.14580696109786,562,0,373,21,3953
"266",0.95,2018,0,0.937344240444059,0.0502087199777113,0,5.57903477563481,0.298840258156447,NA,6.77297768676332,29.3438848852927,NA,5.96890572502395,5.99865390539238,562,0,373,21,3953
"267",0.05,2019,0,0.309442139468906,0.00465221469061515,0,1.80036591089819,0.027067059300774,NA,24.0936366505301,70.7101554857208,NA,18.5268362099662,18.6352526787897,559,0,368,22,3954
"268",0.1,2019,0,0.324563859008312,0.00697546313346373,0,1.87845724886662,0.0403714366944387,NA,22.0495977976156,57.2459519046659,NA,17.5133584184509,17.6090720075225,559,0,368,22,3954
"269",0.15,2019,0,0.33963777707162,0.00965647534656139,0,1.95978358753961,0.0557199557152949,NA,20.3448980992403,51.558603417609,NA,16.5868059316916,16.6746649284309,559,0,368,22,3954
"270",0.2,2019,0,0.3550396170158,0.0126518977989197,0,2.0466783140738,0.0729337336339415,NA,18.8840354181027,48.40328156971,NA,15.7308055114507,15.8127791415137,559,0,368,22,3954
"271",0.25,2019,0,0.371165124100564,0.0159167353865263,0,2.14148094122798,0.0918334812825245,NA,17.5931009018094,46.2865959728363,NA,14.9299914629436,15.0071189584041,559,0,368,22,3954
"272",0.3,2019,0,0.388422190372306,0.0194041727710961,0,2.24651328742496,0.112227707484925,NA,16.415803000706,44.6580897615568,NA,14.1699078374736,14.2427876364363,559,0,368,22,3954
"273",0.35,2019,0,0.407221949892261,0.0230639125475535,0,2.36403686645576,0.13389243767816,NA,15.3108963290192,43.2588381965767,NA,13.4370328605823,13.5060010533552,559,0,368,22,3954
"274",0.4,2019,0,0.427966326532228,0.0268390506365282,0,2.49617538304559,0.156542637468863,NA,14.2503700362591,41.9484818313496,NA,12.7190001169926,12.7842226156517,559,0,368,22,3954
"275",0.45,2019,0,0.451028643068349,0.0306617925439439,0,2.64478293186463,0.179797418250237,NA,13.218016234843,40.6493506510468,NA,12.0050993889135,12.0666343399801,559,0,368,22,3954
"276",0.5,2019,0,0.476723572634935,0.0344487742531189,0,2.81123970287229,0.203144479221743,NA,12.2081739330758,39.3238170853328,NA,11.2871329772001,11.3449804021051,559,0,368,22,3954
"277",0.55,2019,0,0.505263886891596,0.0380973641159552,0,2.99616906824537,0.225913917276253,NA,11.2245610584928,37.9627303744101,NA,10.5606614166909,10.6148053612962,559,0,368,22,3954
"278",0.6,2019,0,0.536705173902345,0.0414849259855761,0,3.19909888306343,0.247276133783971,NA,10.2791897814051,36.5780231542164,NA,9.82657519055045,9.87701934789265,559,0,368,22,3954
"279",0.65,2019,0,0.570886372803962,0.044473258887082,0,3.41813545932582,0.266279999725818,NA,9.39139347461014,35.196918094559,NA,9.09276589169275,9.13956180990321,559,0,368,22,3954
"280",0.7,2019,0,0.607382209282974,0.0469197864973267,0,3.64976644446542,0.281941518408292,NA,8.58689131620936,33.85666631677,NA,8.37545416790939,8.41872052914405,559,0,368,22,3954
"281",0.75,2019,0,0.645489351243364,0.0486951834155434,0,3.88892696369171,0.293377437477233,NA,7.89645050460045,32.5994140189122,NA,7.69950176740777,7.73943366725587,559,0,368,22,3954
"282",0.8,2019,0,0.684265600574744,0.0497042723977031,0,4.12941654754592,0.299956105860658,NA,7.35310212300581,31.4671668856048,NA,7.0968513719624,7.13372030367417,559,0,368,22,3954
"283",0.85,2019,0,0.722627225888252,0.0499044602905937,0,4.36463600625709,0.301420699987348,NA,6.9866133771289,30.4970775952217,NA,6.60224033197422,6.63638873673687,559,0,368,22,3954
"284",0.9,2019,0,0.759487327415566,0.0493154713759558,0,4.58847202135146,0.297941324970282,NA,6.81529569971694,29.7174685561397,NA,6.24593931573549,6.27777595485106,559,0,368,22,3954
"285",0.95,2019,0,0.7938993070203,0.0480166459857761,0,4.79607788482491,0.290076552378145,NA,6.83857169828648,29.1450917903163,NA,6.04509988873939,6.07509799284122,559,0,368,22,3954
